[
  {
    "pk": 1, 
    "model": "patients.client", 
    "fields": {
      "last_name": "Omondi", 
      "relationship_status": "Married", 
      "living_children": 1, 
      "urgent": false, 
      "send_time": 19, 
      "pregnancy_event": null, 
      "id": 1, 
      "next_visit": "2013-10-04", 
      "first_name": "Agnes", 
      "validated": true, 
      "last_msg": null, 
      "sec_contact_name": "Angelina Nduku", 
      "send_day": 1, 
      "pri_contact_name": "Fidelis Omondi", 
      "sec_contact_number": "25406448429", 
      "pri_contact_number": "254727913832", 
      "pending": 0, 
      "phone_number": "254719404794", 
      "due_date": "2013-12-31", 
      "previous_pregnacies": 2, 
      "years_of_education": 10, 
      "nickname": "Anges", 
      "condition": 1, 
      "partner_first_name": "Fidelis", 
      "signup_date": "2013-08-20", 
      "language": 9, 
      "study_group": 7, 
      "partner_last_name": "Omondi", 
      "birth_date": "1978-07-07", 
      "pregnancy_status": "Pregnant", 
      "phone_network": "safaricom"
    }
  }, 
  {
    "pk": 2, 
    "model": "patients.client", 
    "fields": {
      "last_name": "Bwari", 
      "relationship_status": "Married", 
      "living_children": 1, 
      "urgent": false, 
      "send_time": 13, 
      "pregnancy_event": null, 
      "id": 2, 
      "next_visit": "2013-09-24", 
      "first_name": "Damaris", 
      "validated": true, 
      "last_msg": null, 
      "sec_contact_name": "Stellah Kerubo", 
      "send_day": 1, 
      "pri_contact_name": "Ronald Momanyi", 
      "sec_contact_number": "254710678269", 
      "pri_contact_number": "254712587062", 
      "pending": 0, 
      "phone_number": "254729916667", 
      "due_date": "2013-10-10", 
      "previous_pregnacies": 2, 
      "years_of_education": 14, 
      "nickname": "Dama", 
      "condition": 1, 
      "partner_first_name": "Ronald", 
      "signup_date": "2013-08-20", 
      "language": 9, 
      "study_group": 6, 
      "partner_last_name": "Momanyi", 
      "birth_date": "1988-04-04", 
      "pregnancy_status": "Pregnant", 
      "phone_network": "Safaricom SDP"
    }
  }, 
  {
    "pk": 3, 
    "model": "patients.client", 
    "fields": {
      "last_name": "hamusali", 
      "relationship_status": "Married", 
      "living_children": 0, 
      "urgent": false, 
      "send_time": 13, 
      "pregnancy_event": null, 
      "id": 3, 
      "next_visit": "2013-09-19", 
      "first_name": "Christine", 
      "validated": true, 
      "last_msg": null, 
      "sec_contact_name": "Dinah Vusevwa", 
      "send_day": 0, 
      "pri_contact_name": "Wycliffe Simiyu", 
      "sec_contact_number": "254711475518", 
      "pri_contact_number": "254707983377", 
      "pending": 0, 
      "phone_number": "254715174466", 
      "due_date": "2013-09-19", 
      "previous_pregnacies": 1, 
      "years_of_education": 15, 
      "nickname": "Christine", 
      "condition": 1, 
      "partner_first_name": "Wycliffe ", 
      "signup_date": "2013-08-21", 
      "language": 9, 
      "study_group": 6, 
      "partner_last_name": "Simiyu", 
      "birth_date": "1988-10-21", 
      "pregnancy_status": "Pregnant", 
      "phone_network": "safaricom"
    }
  }, 
  {
    "pk": 4, 
    "model": "patients.client", 
    "fields": {
      "last_name": "Wangoi", 
      "relationship_status": "Married", 
      "living_children": 0, 
      "urgent": false, 
      "send_time": 13, 
      "pregnancy_event": null, 
      "id": 4, 
      "next_visit": "2013-09-18", 
      "first_name": "Caroline ", 
      "validated": false, 
      "last_msg": null, 
      "sec_contact_name": "Samuel Wachira", 
      "send_day": 6, 
      "pri_contact_name": "Anne Wamboi", 
      "sec_contact_number": "2540724562319", 
      "pri_contact_number": "254728820791", 
      "pending": 0, 
      "phone_number": "254701729938", 
      "due_date": "2013-11-29", 
      "previous_pregnacies": 1, 
      "years_of_education": 14, 
      "nickname": "Caro", 
      "condition": 1, 
      "partner_first_name": "Hillary", 
      "signup_date": "2013-08-21", 
      "language": 9, 
      "study_group": 7, 
      "partner_last_name": "Eboso", 
      "birth_date": "1992-12-12", 
      "pregnancy_status": "Pregnant", 
      "phone_network": "safaricom"
    }
  }, 
  {
    "pk": 5, 
    "model": "patients.client", 
    "fields": {
      "last_name": "Wangeci", 
      "relationship_status": "Married", 
      "living_children": 1, 
      "urgent": false, 
      "send_time": 13, 
      "pregnancy_event": null, 
      "id": 5, 
      "next_visit": "2013-09-18", 
      "first_name": "Milicent ", 
      "validated": true, 
      "last_msg": null, 
      "sec_contact_name": "Esther Wamboi", 
      "send_day": 0, 
      "pri_contact_name": "Daniel Mwaura", 
      "sec_contact_number": "254729338935", 
      "pri_contact_number": "254725382511", 
      "pending": 0, 
      "phone_number": "254725200014", 
      "due_date": "2013-11-15", 
      "previous_pregnacies": 2, 
      "years_of_education": 14, 
      "nickname": "Wangeci", 
      "condition": 1, 
      "partner_first_name": "Daniel Mwaura", 
      "signup_date": "2013-08-21", 
      "language": 9, 
      "study_group": 6, 
      "partner_last_name": "", 
      "birth_date": "1988-05-01", 
      "pregnancy_status": "Pregnant", 
      "phone_network": "safaricom"
    }
  }, 
  {
    "pk": 6, 
    "model": "patients.client", 
    "fields": {
      "last_name": "Kanini", 
      "relationship_status": "Married", 
      "living_children": 0, 
      "urgent": false, 
      "send_time": 8, 
      "pregnancy_event": null, 
      "id": 6, 
      "next_visit": "2013-09-09", 
      "first_name": "Veronica", 
      "validated": true, 
      "last_msg": null, 
      "sec_contact_name": "Virginia MWende", 
      "send_day": 3, 
      "pri_contact_name": "Martin Ngila", 
      "sec_contact_number": "254716740396", 
      "pri_contact_number": "254729712002", 
      "pending": 0, 
      "phone_number": "254718813973", 
      "due_date": "2013-11-22", 
      "previous_pregnacies": 1, 
      "years_of_education": 12, 
      "nickname": "Vero", 
      "condition": 1, 
      "partner_first_name": "Martin", 
      "signup_date": "2013-08-21", 
      "language": 9, 
      "study_group": 6, 
      "partner_last_name": "Ngila", 
      "birth_date": "1990-10-06", 
      "pregnancy_status": "Pregnant", 
      "phone_network": "safaricom"
    }
  }, 
  {
    "pk": 7, 
    "model": "patients.client", 
    "fields": {
      "last_name": "Mutemi", 
      "relationship_status": "Married", 
      "living_children": 0, 
      "urgent": false, 
      "send_time": 13, 
      "pregnancy_event": null, 
      "id": 7, 
      "next_visit": "2013-09-18", 
      "first_name": "Felistus ", 
      "validated": false, 
      "last_msg": null, 
      "sec_contact_name": "Penina mbete", 
      "send_day": 5, 
      "pri_contact_name": "Dorcas Munyeu", 
      "sec_contact_number": "254727911779", 
      "pri_contact_number": "254736088412", 
      "pending": 0, 
      "phone_number": "254726321582", 
      "due_date": "2013-10-02", 
      "previous_pregnacies": 1, 
      "years_of_education": 9, 
      "nickname": "Felistus", 
      "condition": 1, 
      "partner_first_name": "Alex ", 
      "signup_date": "2013-08-21", 
      "language": 9, 
      "study_group": 8, 
      "partner_last_name": "mutemi", 
      "birth_date": "1995-07-13", 
      "pregnancy_status": "Pregnant", 
      "phone_network": "safaricom"
    }
  }, 
  {
    "pk": 8, 
    "model": "patients.client", 
    "fields": {
      "last_name": "Chilika", 
      "relationship_status": "Married", 
      "living_children": 0, 
      "urgent": false, 
      "send_time": 13, 
      "pregnancy_event": null, 
      "id": 8, 
      "next_visit": "2013-09-11", 
      "first_name": "Violet ", 
      "validated": false, 
      "last_msg": null, 
      "sec_contact_name": "Caroline Miroya", 
      "send_day": 0, 
      "pri_contact_name": "Simon Jiveti", 
      "sec_contact_number": "254724430852", 
      "pri_contact_number": "254721533748", 
      "pending": 0, 
      "phone_number": "254736150888", 
      "due_date": "2013-10-04", 
      "previous_pregnacies": 1, 
      "years_of_education": 14, 
      "nickname": "Vio", 
      "condition": 1, 
      "partner_first_name": "Simon", 
      "signup_date": "2013-08-21", 
      "language": 9, 
      "study_group": 6, 
      "partner_last_name": "Jiveti", 
      "birth_date": "1980-04-07", 
      "pregnancy_status": "Pregnant", 
      "phone_network": "safaricom"
    }
  }, 
  {
    "pk": 9, 
    "model": "patients.client", 
    "fields": {
      "last_name": "Achieng", 
      "relationship_status": "Married", 
      "living_children": 2, 
      "urgent": false, 
      "send_time": 19, 
      "pregnancy_event": null, 
      "id": 9, 
      "next_visit": "2013-09-23", 
      "first_name": "Teresia", 
      "validated": true, 
      "last_msg": null, 
      "sec_contact_name": "Kevin Onyango", 
      "send_day": 3, 
      "pri_contact_name": "Celestine Auma", 
      "sec_contact_number": "254710228492", 
      "pri_contact_number": "254713496944", 
      "pending": 0, 
      "phone_number": "254716545123", 
      "due_date": "2013-10-04", 
      "previous_pregnacies": 3, 
      "years_of_education": 8, 
      "nickname": "Teresia", 
      "condition": 1, 
      "partner_first_name": "James ", 
      "signup_date": "2013-08-22", 
      "language": 10, 
      "study_group": 7, 
      "partner_last_name": "Ochieng", 
      "birth_date": "1988-12-09", 
      "pregnancy_status": "Pregnant", 
      "phone_network": "safaricom"
    }
  }, 
  {
    "pk": 10, 
    "model": "patients.client", 
    "fields": {
      "last_name": "Akinyi", 
      "relationship_status": "Single", 
      "living_children": 0, 
      "urgent": false, 
      "send_time": 13, 
      "pregnancy_event": null, 
      "id": 10, 
      "next_visit": "2013-09-24", 
      "first_name": "Pauline ", 
      "validated": false, 
      "last_msg": null, 
      "sec_contact_name": "Eric Laurence", 
      "send_day": 4, 
      "pri_contact_name": "Washington Odhiambo", 
      "sec_contact_number": "254711264207", 
      "pri_contact_number": "254726786976", 
      "pending": 0, 
      "phone_number": "254)720600279", 
      "due_date": "2013-10-22", 
      "previous_pregnacies": 1, 
      "years_of_education": 12, 
      "nickname": "Akinyi", 
      "condition": 1, 
      "partner_first_name": "Eric ", 
      "signup_date": "2013-08-22", 
      "language": 9, 
      "study_group": 8, 
      "partner_last_name": "Laurence", 
      "birth_date": "1992-11-03", 
      "pregnancy_status": "Pregnant", 
      "phone_network": "safaricom"
    }
  }, 
  {
    "pk": 11, 
    "model": "patients.client", 
    "fields": {
      "last_name": "Wanjiku", 
      "relationship_status": "Married", 
      "living_children": 0, 
      "urgent": false, 
      "send_time": 13, 
      "pregnancy_event": null, 
      "id": 11, 
      "next_visit": "2013-09-26", 
      "first_name": "Monicah", 
      "validated": false, 
      "last_msg": null, 
      "sec_contact_name": "Millicent Wanjiku", 
      "send_day": 2, 
      "pri_contact_name": "Douglas Daru", 
      "sec_contact_number": "254724993775", 
      "pri_contact_number": "254729315934", 
      "pending": 0, 
      "phone_number": "254701475503", 
      "due_date": "2013-10-21", 
      "previous_pregnacies": 1, 
      "years_of_education": 11, 
      "nickname": "Ciku", 
      "condition": 1, 
      "partner_first_name": "Douglas ", 
      "signup_date": "2013-08-22", 
      "language": 9, 
      "study_group": 8, 
      "partner_last_name": "Daru", 
      "birth_date": "1990-03-12", 
      "pregnancy_status": "Pregnant", 
      "phone_network": "safaricom"
    }
  }, 
  {
    "pk": 12, 
    "model": "patients.client", 
    "fields": {
      "last_name": "Nyambura", 
      "relationship_status": "Single", 
      "living_children": 0, 
      "urgent": false, 
      "send_time": 13, 
      "pregnancy_event": null, 
      "id": 12, 
      "next_visit": "2013-11-05", 
      "first_name": "Irene ", 
      "validated": true, 
      "last_msg": null, 
      "sec_contact_name": "Irene Nyambura", 
      "send_day": 3, 
      "pri_contact_name": "Lucy Wamboi", 
      "sec_contact_number": "254721209755", 
      "pri_contact_number": "254720931786", 
      "pending": 0, 
      "phone_number": "254720014733", 
      "due_date": "2013-12-29", 
      "previous_pregnacies": 1, 
      "years_of_education": 12, 
      "nickname": "Nyambu", 
      "condition": 1, 
      "partner_first_name": "Richard ", 
      "signup_date": "2013-08-22", 
      "language": 9, 
      "study_group": 7, 
      "partner_last_name": "Njoroge", 
      "birth_date": "1998-04-14", 
      "pregnancy_status": "Pregnant", 
      "phone_network": "safaricom"
    }
  }, 
  {
    "pk": 13, 
    "model": "patients.client", 
    "fields": {
      "last_name": "Nyakado", 
      "relationship_status": "Married", 
      "living_children": 1, 
      "urgent": false, 
      "send_time": 13, 
      "pregnancy_event": null, 
      "id": 13, 
      "next_visit": "2013-11-04", 
      "first_name": "Debra ", 
      "validated": true, 
      "last_msg": null, 
      "sec_contact_name": "Duncan Odhiambo", 
      "send_day": 2, 
      "pri_contact_name": "Julius Mbooni", 
      "sec_contact_number": "254714203828", 
      "pri_contact_number": "254713880300", 
      "pending": 0, 
      "phone_number": "254713719277", 
      "due_date": "2013-11-13", 
      "previous_pregnacies": 2, 
      "years_of_education": 12, 
      "nickname": "Debby", 
      "condition": 1, 
      "partner_first_name": "Julius ", 
      "signup_date": "2013-08-22", 
      "language": 9, 
      "study_group": 7, 
      "partner_last_name": "Mbooni", 
      "birth_date": "1989-12-25", 
      "pregnancy_status": "Pregnant", 
      "phone_network": "safaricom"
    }
  }, 
  {
    "pk": 29, 
    "model": "patients.interaction", 
    "fields": {
      "date": "2013-09-05T01:52:25.904Z", 
      "content": "Vero this is Kerubo from Mathare clinic. I hope you are feeling well. The clinic can make sure your baby is growing well. Please come in for your ANC visits so we can monitor you.", 
      "user_id": null, 
      "client_id": 6
    }
  }, 
  {
    "pk": 28, 
    "model": "patients.interaction", 
    "fields": {
      "date": "2013-09-05T01:52:25.187Z", 
      "content": " How many tetanus vaccines have you had?", 
      "user_id": null, 
      "client_id": 12
    }
  }, 
  {
    "pk": 27, 
    "model": "patients.interaction", 
    "fields": {
      "date": "2013-09-05T01:52:24.441Z", 
      "content": "Nyambu this is Kerubo from clinic. Protect your baby from tetanus. If you have not had vaccines for tetanus, ask the nurse. ", 
      "user_id": null, 
      "client_id": 12
    }
  }, 
  {
    "pk": 26, 
    "model": "patients.interaction", 
    "fields": {
      "date": "2013-09-05T01:52:23.681Z", 
      "content": " Je uko na swali kuhusu wapi utaenda ukiwa na uchungu wa kuzaa na jinsi ya kufika huko?", 
      "user_id": null, 
      "client_id": 9
    }
  }, 
  {
    "pk": 25, 
    "model": "patients.interaction", 
    "fields": {
      "date": "2013-09-05T01:52:22.393Z", 
      "content": "Teresia mimi ni Kerubo kutoka kliniki ya Mathare. Wakati wewe unapokuja kwa ajili ya kuzaa, tutakupa karatasi ya kuthibitisha kuzaliwa. Kuzaa katika kliniki kunaweza kuokoa maisha ya mtoto wako. ", 
      "user_id": null, 
      "client_id": 9
    }
  }, 
  {
    "pk": 24, 
    "model": "patients.interaction", 
    "fields": {
      "date": "2013-08-29T07:45:06Z", 
      "content": "Debby, mimi ni Kerubo kutoka kliniki ya Mathare. Tafadhali tuambie kama unahitaji msaada au ushauri. Sisi tuko hapa kwa ajili yako na mtoto wako. Je, ziara yako inayofuata ni tarehe ngapi", 
      "user_id": null, 
      "client_id": 13
    }
  }, 
  {
    "pk": 23, 
    "model": "patients.interaction", 
    "fields": {
      "date": "2013-08-29T07:44:42Z", 
      "content": "Irene this is Kerubo from Mathare clinic. Please tell us if you need help. We are here for you and your baby. What is the date of your next visit?", 
      "user_id": null, 
      "client_id": 12
    }
  }, 
  {
    "pk": 22, 
    "model": "patients.interaction", 
    "fields": {
      "date": "2013-08-29T07:44:15Z", 
      "content": "Teresia, mimi ni Kerubo kutoka kliniki ya Mathare. Tafadhali tuambie kama unahitaji msaada au ushauri. Sisi tuko hapa kwa ajili yako na mtoto wako. Je, ziara yako inayofuata ni tarehe ngap", 
      "user_id": null, 
      "client_id": 9
    }
  }, 
  {
    "pk": 21, 
    "model": "patients.interaction", 
    "fields": {
      "date": "2013-08-29T07:43:20Z", 
      "content": "Violet this is Kerubo from Mathare clinic. Please tell us if you need help or advice. We are here for you and your baby.", 
      "user_id": null, 
      "client_id": 8
    }
  }, 
  {
    "pk": 20, 
    "model": "patients.interaction", 
    "fields": {
      "date": "2013-08-29T07:42:51Z", 
      "content": "Veronica this is Kerubo from Mathare clinic. Please tell us if you need help or advice. We are here for you and your baby.", 
      "user_id": null, 
      "client_id": 6
    }
  }, 
  {
    "pk": 19, 
    "model": "patients.interaction", 
    "fields": {
      "date": "2013-08-29T07:42:31Z", 
      "content": "Wangeci, this is Kerubo from Mathare clinic. Please tell us if you need help or advice. We are here for you and your baby.", 
      "user_id": null, 
      "client_id": 5
    }
  }, 
  {
    "pk": 18, 
    "model": "patients.interaction", 
    "fields": {
      "date": "2013-08-29T07:41:59Z", 
      "content": "Caro this is Kerubo from Mathare clinic Please tell us if you need help. We are here for you and your baby. What is the date of your next visit?", 
      "user_id": null, 
      "client_id": 4
    }
  }, 
  {
    "pk": 17, 
    "model": "patients.interaction", 
    "fields": {
      "date": "2013-08-29T07:41:21Z", 
      "content": "Christine, this is Kerubo from Mathare clinic. Please tell us if you need help or advice. We are here for you and your baby.", 
      "user_id": null, 
      "client_id": 3
    }
  }, 
  {
    "pk": 16, 
    "model": "patients.interaction", 
    "fields": {
      "date": "2013-08-29T07:39:45Z", 
      "content": "Dama, this is Kerubo from Mathare clinic. Please tell us if you need help or advice. We are here for you and your baby.", 
      "user_id": null, 
      "client_id": 2
    }
  }, 
  {
    "pk": 15, 
    "model": "patients.interaction", 
    "fields": {
      "date": "2013-08-29T07:38:34Z", 
      "content": "Dama, this is Kerubo from Mathare clinic. Please tell us if you need help or advice. We are here for you and your baby.", 
      "user_id": null, 
      "client_id": 2
    }
  }, 
  {
    "pk": 14, 
    "model": "patients.interaction", 
    "fields": {
      "date": "2013-08-29T07:37:50Z", 
      "content": "Anges, this is Kerubo from Mathare clinic. Please tell us if you need help. We are here for you and your baby. What is the date of your next visit?", 
      "user_id": null, 
      "client_id": 1
    }
  }, 
  {
    "pk": 13, 
    "model": "patients.interaction", 
    "fields": {
      "date": "2013-08-22T09:28:08Z", 
      "content": "Debby,  it is Kerubo from clinic. Good job coming in for your visit today. You will need at least 4 visits during pregnancy. Ask your family to help you get there.", 
      "user_id": null, 
      "client_id": 13
    }
  }, 
  {
    "pk": 12, 
    "model": "patients.interaction", 
    "fields": {
      "date": "2013-08-22T09:23:50Z", 
      "content": "Nyambu,  it is Kerubo from clinic. Good job coming in for your visit today. You will need at least 4 visits during pregnancy. Ask your family to help you get there.", 
      "user_id": null, 
      "client_id": 12
    }
  }, 
  {
    "pk": 11, 
    "model": "patients.interaction", 
    "fields": {
      "date": "2013-08-22T09:17:32Z", 
      "content": "Ciku,  it is Kerubo from clinic. Good job coming in for your visit today. You will need at least 4 visits during pregnancy. Ask your family to help you get there.", 
      "user_id": null, 
      "client_id": 11
    }
  }, 
  {
    "pk": 10, 
    "model": "patients.interaction", 
    "fields": {
      "date": "2013-08-22T09:11:55Z", 
      "content": "Akinyi,  it is Kerubo from clinic. Good job coming in for your visit today. You will need at least 4 visits during pregnancy. Ask your family to help you get there.", 
      "user_id": null, 
      "client_id": 10
    }
  }, 
  {
    "pk": 9, 
    "model": "patients.interaction", 
    "fields": {
      "date": "2013-08-22T07:34:44Z", 
      "content": "Teresia, mimi ni Kerubo kutoka kliniki. Umefanya kazi nzuri kwa kuja kwa ajili ya ziara yako ya leo. Unahitaji kuwa na angalau ziara 4 wakati wa ujauzito wako. Utauliza familia yako ikusaidie kufika huko.", 
      "user_id": null, 
      "client_id": 9
    }
  }, 
  {
    "pk": 8, 
    "model": "patients.interaction", 
    "fields": {
      "date": "2013-08-21T09:11:39Z", 
      "content": "Vio,  it is Kerubo from clinic. Good job coming in for your visit today. You will need at least 4 visits during pregnancy. Ask your family to help you get there.", 
      "user_id": null, 
      "client_id": 8
    }
  }, 
  {
    "pk": 7, 
    "model": "patients.interaction", 
    "fields": {
      "date": "2013-08-21T09:06:24Z", 
      "content": "Felistus,  it is Kerubo from clinic. Good job coming in for your visit today. You will need at least 4 visits during pregnancy. Ask your family to help you get there.", 
      "user_id": null, 
      "client_id": 7
    }
  }, 
  {
    "pk": 6, 
    "model": "patients.interaction", 
    "fields": {
      "date": "2013-08-21T09:01:08Z", 
      "content": "Vero,  it is Kerubo from clinic. Good job coming in for your visit today. You will need at least 4 visits during pregnancy. Ask your family to help you get there.", 
      "user_id": null, 
      "client_id": 6
    }
  }, 
  {
    "pk": 5, 
    "model": "patients.interaction", 
    "fields": {
      "date": "2013-08-21T08:56:15Z", 
      "content": "Wangeci,  it is Kerubo from clinic. Good job coming in for your visit today. You will need at least 4 visits during pregnancy. Ask your family to help you get there.", 
      "user_id": null, 
      "client_id": 5
    }
  }, 
  {
    "pk": 4, 
    "model": "patients.interaction", 
    "fields": {
      "date": "2013-08-21T08:49:57Z", 
      "content": "Caro,  it is Kerubo from clinic. Good job coming in for your visit today. You will need at least 4 visits during pregnancy. Ask your family to help you get there.", 
      "user_id": null, 
      "client_id": 4
    }
  }, 
  {
    "pk": 3, 
    "model": "patients.interaction", 
    "fields": {
      "date": "2013-08-21T08:42:57Z", 
      "content": "Christine,  it is Kerubo from clinic. Good job coming in for your visit today. You will need at least 4 visits during pregnancy. Ask your family to help you get there.", 
      "user_id": null, 
      "client_id": 3
    }
  }, 
  {
    "pk": 2, 
    "model": "patients.interaction", 
    "fields": {
      "date": "2013-08-20T11:28:01Z", 
      "content": "Dama,  it is Kerubo from clinic. Good job coming in for your visit today. You will need at least 4 visits during pregnancy. Ask your family to help you get there.", 
      "user_id": null, 
      "client_id": 2
    }
  }, 
  {
    "pk": 1, 
    "model": "patients.interaction", 
    "fields": {
      "date": "2013-08-20T11:23:53Z", 
      "content": "Anges,  it is Kerubo from clinic. Good job coming in for your visit today. You will need at least 4 visits during pregnancy. Ask your family to help you get there.", 
      "user_id": null, 
      "client_id": 1
    }
  }, 
  {
    "pk": 29, 
    "model": "patients.message", 
    "fields": {
      "automated_message": null, 
      "sent_by": "System", 
      "prompted": true
    }
  }, 
  {
    "pk": 28, 
    "model": "patients.message", 
    "fields": {
      "automated_message": null, 
      "sent_by": "System", 
      "prompted": true
    }
  }, 
  {
    "pk": 27, 
    "model": "patients.message", 
    "fields": {
      "automated_message": null, 
      "sent_by": "System", 
      "prompted": true
    }
  }, 
  {
    "pk": 26, 
    "model": "patients.message", 
    "fields": {
      "automated_message": null, 
      "sent_by": "System", 
      "prompted": true
    }
  }, 
  {
    "pk": 25, 
    "model": "patients.message", 
    "fields": {
      "automated_message": null, 
      "sent_by": "System", 
      "prompted": true
    }
  }, 
  {
    "pk": 24, 
    "model": "patients.message", 
    "fields": {
      "automated_message": null, 
      "sent_by": "System", 
      "prompted": true
    }
  }, 
  {
    "pk": 23, 
    "model": "patients.message", 
    "fields": {
      "automated_message": null, 
      "sent_by": "System", 
      "prompted": true
    }
  }, 
  {
    "pk": 22, 
    "model": "patients.message", 
    "fields": {
      "automated_message": null, 
      "sent_by": "System", 
      "prompted": true
    }
  }, 
  {
    "pk": 21, 
    "model": "patients.message", 
    "fields": {
      "automated_message": null, 
      "sent_by": "System", 
      "prompted": true
    }
  }, 
  {
    "pk": 20, 
    "model": "patients.message", 
    "fields": {
      "automated_message": null, 
      "sent_by": "System", 
      "prompted": true
    }
  }, 
  {
    "pk": 19, 
    "model": "patients.message", 
    "fields": {
      "automated_message": null, 
      "sent_by": "System", 
      "prompted": true
    }
  }, 
  {
    "pk": 18, 
    "model": "patients.message", 
    "fields": {
      "automated_message": null, 
      "sent_by": "System", 
      "prompted": true
    }
  }, 
  {
    "pk": 17, 
    "model": "patients.message", 
    "fields": {
      "automated_message": null, 
      "sent_by": "System", 
      "prompted": true
    }
  }, 
  {
    "pk": 16, 
    "model": "patients.message", 
    "fields": {
      "automated_message": null, 
      "sent_by": "System", 
      "prompted": true
    }
  }, 
  {
    "pk": 15, 
    "model": "patients.message", 
    "fields": {
      "automated_message": null, 
      "sent_by": "System", 
      "prompted": true
    }
  }, 
  {
    "pk": 14, 
    "model": "patients.message", 
    "fields": {
      "automated_message": null, 
      "sent_by": "System", 
      "prompted": true
    }
  }, 
  {
    "pk": 13, 
    "model": "patients.message", 
    "fields": {
      "automated_message": null, 
      "sent_by": "System", 
      "prompted": true
    }
  }, 
  {
    "pk": 12, 
    "model": "patients.message", 
    "fields": {
      "automated_message": null, 
      "sent_by": "System", 
      "prompted": true
    }
  }, 
  {
    "pk": 11, 
    "model": "patients.message", 
    "fields": {
      "automated_message": null, 
      "sent_by": "System", 
      "prompted": true
    }
  }, 
  {
    "pk": 10, 
    "model": "patients.message", 
    "fields": {
      "automated_message": null, 
      "sent_by": "System", 
      "prompted": true
    }
  }, 
  {
    "pk": 9, 
    "model": "patients.message", 
    "fields": {
      "automated_message": null, 
      "sent_by": "System", 
      "prompted": true
    }
  }, 
  {
    "pk": 8, 
    "model": "patients.message", 
    "fields": {
      "automated_message": null, 
      "sent_by": "System", 
      "prompted": true
    }
  }, 
  {
    "pk": 7, 
    "model": "patients.message", 
    "fields": {
      "automated_message": null, 
      "sent_by": "System", 
      "prompted": true
    }
  }, 
  {
    "pk": 6, 
    "model": "patients.message", 
    "fields": {
      "automated_message": null, 
      "sent_by": "System", 
      "prompted": true
    }
  }, 
  {
    "pk": 5, 
    "model": "patients.message", 
    "fields": {
      "automated_message": null, 
      "sent_by": "System", 
      "prompted": true
    }
  }, 
  {
    "pk": 4, 
    "model": "patients.message", 
    "fields": {
      "automated_message": null, 
      "sent_by": "System", 
      "prompted": true
    }
  }, 
  {
    "pk": 3, 
    "model": "patients.message", 
    "fields": {
      "automated_message": null, 
      "sent_by": "System", 
      "prompted": true
    }
  }, 
  {
    "pk": 2, 
    "model": "patients.message", 
    "fields": {
      "automated_message": null, 
      "sent_by": "System", 
      "prompted": true
    }
  }, 
  {
    "pk": 1, 
    "model": "patients.message", 
    "fields": {
      "automated_message": null, 
      "sent_by": "System", 
      "prompted": true
    }
  }, 
  {
    "pk": 1, 
    "model": "shujaa.shujaamsg", 
    "fields": {
      "message": "Teresia mimi ni Kerubo kutoka kliniki ya Mathare. Wakati wewe unapokuja kwa ajili ya kuzaa, tutakupa karatasi ya kuthibitisha kuzaliwa. Kuzaa katika kliniki kunaweza kuokoa maisha ya mtoto wako. ", 
      "network": "safaricom", 
      "client_number": "254716545123", 
      "response": ""
    }
  }, 
  {
    "pk": 2, 
    "model": "shujaa.shujaamsg", 
    "fields": {
      "message": " Je uko na swali kuhusu wapi utaenda ukiwa na uchungu wa kuzaa na jinsi ya kufika huko?", 
      "network": "safaricom", 
      "client_number": "254716545123", 
      "response": ""
    }
  }, 
  {
    "pk": 3, 
    "model": "shujaa.shujaamsg", 
    "fields": {
      "message": "Nyambu this is Kerubo from clinic. Protect your baby from tetanus. If you have not had vaccines for tetanus, ask the nurse. ", 
      "network": "safaricom", 
      "client_number": "254720014733", 
      "response": ""
    }
  }, 
  {
    "pk": 4, 
    "model": "shujaa.shujaamsg", 
    "fields": {
      "message": " How many tetanus vaccines have you had?", 
      "network": "safaricom", 
      "client_number": "254720014733", 
      "response": ""
    }
  }, 
  {
    "pk": 5, 
    "model": "shujaa.shujaamsg", 
    "fields": {
      "message": "Vero this is Kerubo from Mathare clinic. I hope you are feeling well. The clinic can make sure your baby is growing well. Please come in for your ANC visits so we can monitor you.", 
      "network": "safaricom", 
      "client_number": "254718813973", 
      "response": ""
    }
  }
]